{"ph_type": "SC", "states": [{"timeout": 0, "timeout_action": "stay", "timeout_action_arg": 0, "classes": [{"label": "Hbf1", "phwin": 0, "phth": 0.5, "phbackoff": 0, "phaction": 0, "phaction_arg": 0, "smoothing_queue_size": 1}, {"label": "Hbf3", "phwin": 0, "phth": 0.5, "phbackoff": 0, "phaction": 0, "phaction_arg": 1, "smoothing_queue_size": 1}, {"label": "Hnp", "phwin": 0, "phth": 0.5, "phbackoff": 0, "phaction": 0, "phaction_arg": 2, "smoothing_queue_size": 1}, {"label": "Hp", "phwin": 0, "phth": 0.5, "phbackoff": 0, "phaction": 0, "phaction_arg": 3, "smoothing_queue_size": 1}, {"label": "Hpbf1", "phwin": 0, "phth": 0.5, "phbackoff": 0, "phaction": 0, "phaction_arg": 4, "smoothing_queue_size": 1}, {"label": "Hpbf3", "phwin": 0, "phth": 0.5, "phbackoff": 0, "phaction": 0, "phaction_arg": 5, "smoothing_queue_size": 1}, {"label": "Hpf1", "phwin": 0, "phth": 0.5, "phbackoff": 0, "phaction": 0, "phaction_arg": 6, "smoothing_queue_size": 1}, {"label": "Hpf10", "phwin": 0, "phth": 0.5, "phbackoff": 0, "phaction": 0, "phaction_arg": 7, "smoothing_queue_size": 1}, {"label": "Hpf5", "phwin": 0, "phth": 0.5, "phbackoff": 0, "phaction": 0, "phaction_arg": 8, "smoothing_queue_size": 1}, {"label": "Hpf9", "phwin": 0, "phth": 0.5, "phbackoff": 0, "phaction": 0, "phaction_arg": 9, "smoothing_queue_size": 1}, {"label": "Hpf9", "phwin": 255, "phth": 0.998, "phbackoff": 0, "phaction": 2, "phaction_arg": 10, "smoothing_queue_size": 1}]}]}